transactionsDone, bandwidthUsed, avgTransactionTime, clients
19, 0.02230384, 515, 1
190, 0.2230384, 515, 10
380, 0.4453328, 515, 20
570, 0.6658912, 515, 30
720, 0.84724217, 540, 40
834, 0.965876, 590, 50
840, 1.00281102, 684, 60
840, 1.00671914, 797, 70
880, 1.00408832, 911, 80
810, 1.00581952, 1024, 90
800, 1.00763496, 1140, 100
880, 1.00892672, 1254, 110
840, 1.0209024, 1367, 120
780, 1.01243952, 1481, 130
840, 1.0258384, 1595, 140
839, 1.015564, 1709, 150
