transactionsDone, bandwidthUsed, avgTransactionTime, clients
9, 0.00969017, 1000, 1
90, 0.0709817, 1000, 10
180, 0.1390834, 1000, 20
370, 0.2807755, 1005, 30
400, 0.3014618, 1064, 40
640, 0.48279147, 545, 50
780, 0.58264462, 535, 60
1000, 0.74448813, 530, 70
1020, 0.76574226, 668, 80
1200, 0.90117495, 670, 90
1220, 0.91839444, 829, 100
1280, 0.95966155, 859, 110
1300, 0.97253238, 1026, 120
1320, 0.9826014, 883, 130
1300, 0.98795243, 1005, 140
1300, 0.98954963, 1125, 150
