transactionsDone, bandwidthUsed, avgTransactionTime, clients
9, 0.00969017, 1000, 1
90, 0.0709817, 1000, 10
180, 0.1390834, 1000, 20
435, 0.32355504, 520, 30
465, 0.35048627, 1028, 40
500, 0.37710888, 1074, 50
700, 0.52321886, 1346, 60
850, 0.62841786, 528, 70
1075, 0.80305806, 725, 80
1100, 0.8212688, 911, 90
1125, 0.8518917, 821, 100
1250, 0.94196644, 748, 110
1225, 0.93048106, 935, 120
1300, 0.98534038, 837, 130
1275, 0.97930086, 914, 140
1300, 0.98716474, 892, 150
